{"_runtime":8,"val_loss":0.021309409911433857,"epoch":299,"_timestamp":1.7676085103065362e+09,"_step":299,"train_loss":0.020018216636445787,"_wandb":{"runtime":8}}