{"_wandb":{"runtime":9},"_runtime":9,"_step":149,"train_loss":0.031850649871759944,"val_loss":0.021764028817415237,"epoch":149,"_timestamp":1.767615997167465e+09}