{"train_loss":0.019777790643274784,"val_loss":0.02092024435599645,"epoch":299,"_wandb":{"runtime":8},"_runtime":8,"_timestamp":1.7676084044573753e+09,"_step":299}