{"val_loss":0.06828595573703448,"epoch":1,"_runtime":0,"_wandb":{"runtime":0},"_timestamp":1.7676083748381376e+09,"_step":1,"train_loss":0.0820697643276718}