{"train_loss":0.02448992348379559,"val_loss":0.022953348855177563,"_wandb":{"runtime":7},"_runtime":7,"epoch":299,"_timestamp":1.767603520875892e+09,"_step":299}