{"epoch":299,"_timestamp":1.7676146025299501e+09,"_wandb":{"runtime":18},"_runtime":18,"_step":299,"train_loss":0.03055844052384297,"val_loss":0.021840815121928852}