{"epoch":149,"_timestamp":1.7676161409842703e+09,"_step":149,"_wandb":{"runtime":9},"_runtime":9,"train_loss":0.03181071993377474,"val_loss":0.02161177744468053}