{"_timestamp":1.767608334741931e+09,"_step":1,"_wandb":{"runtime":0},"_runtime":0,"train_loss":0.04464291181001398,"val_loss":0.037629288931687675,"epoch":1}