{"val_loss":0.016521174693480134,"epoch":149,"_timestamp":1.7676151811443052e+09,"_step":149,"_runtime":32,"_wandb":{"runtime":32},"train_loss":0.01851205442100763}