{"_step":149,"_wandb":{"runtime":9},"_runtime":9,"train_loss":0.0311168497428298,"val_loss":0.021824505801002186,"epoch":149,"_timestamp":1.767614810002892e+09}