{"epoch":149,"_wandb":{"runtime":32},"_runtime":32,"_timestamp":1.7676149900330746e+09,"_step":149,"train_loss":0.018504079282283783,"val_loss":0.016770666697993875}