{"epoch":149,"_timestamp":1.767615388380883e+09,"_wandb":{"runtime":9},"_runtime":9,"_step":149,"train_loss":0.03128782307936086,"val_loss":0.02180209942162037}