{"_wandb":{"runtime":9},"_runtime":9,"val_loss":0.02152502288420995,"epoch":299,"_timestamp":1.7676065978641264e+09,"_step":299,"train_loss":0.01987231502102481}