{"_runtime":32,"_timestamp":1.7676150409977667e+09,"_step":149,"train_loss":0.01860613767057657,"val_loss":0.016756970901042223,"epoch":149,"_wandb":{"runtime":32}}