{"train_loss":0.025700280649794474,"_wandb":{"runtime":7},"_runtime":7,"val_loss":0.024150578305125237,"epoch":299,"_timestamp":1.7676032841125815e+09,"_step":299}