{"epoch":299,"_timestamp":1.7676027141393054e+09,"_wandb":{"runtime":33},"_runtime":33,"_step":299,"train_loss":0.01808876447379589,"val_loss":0.0163382557220757}